[
  {
    "title": "Reset Password",
    "content": "Users can reset their password from Settings > Security. Click 'Reset Password' and verify through email link."
  },
  {
    "title": "Refund Policy",
    "content": "Refunds are processed within 5-7 business days after approval. Refunds are issued to the original payment method."
  },
  {
    "title": "Account Deletion",
    "content": "Users may permanently delete their account under Settings > Privacy > Delete Account."
  },
  {
    "title": "Subscription Plans",
    "content": "We offer Basic, Pro and Enterprise plans. Users can upgrade anytime from Billing settings."
  },
  {
    "title": "Technical Support",
    "content": "Users can contact support via support@company.com or through Help Center chat."
  }
]